{
    "accuracy": 0.96875,
    "precision": 0.968834005376344,
    "recall": 0.96875,
    "f1_score": 0.9683163265306123,
    "roc_auc": 0.9748887476160203,
    "confusion_matrix": [
        [
            240,
            2
        ],
        [
            8,
            70
        ]
    ],
    "class_names": [
        "Class_0",
        "Class_1"
    ],
    "per_class_metrics": {
        "Class_0": {
            "precision": 0.967741935483871,
            "recall": 0.9917355371900827,
            "f1": 0.9795918367346939,
            "support": 242
        },
        "Class_1": {
            "precision": 0.9722222222222222,
            "recall": 0.8974358974358975,
            "f1": 0.9333333333333333,
            "support": 78
        }
    }
}