{
    "accuracy": 0.93125,
    "precision": 0.9443613256113256,
    "recall": 0.93125,
    "f1_score": 0.9336745689655173,
    "roc_auc": 0.9871265098537826,
    "confusion_matrix": [
        [
            221,
            21
        ],
        [
            1,
            77
        ]
    ],
    "class_names": [
        "Class_0",
        "Class_1"
    ],
    "per_class_metrics": {
        "Class_0": {
            "precision": 0.9954954954954955,
            "recall": 0.9132231404958677,
            "f1": 0.9525862068965517,
            "support": 242
        },
        "Class_1": {
            "precision": 0.7857142857142857,
            "recall": 0.9871794871794872,
            "f1": 0.875,
            "support": 78
        }
    }
}