{
    "accuracy": 0.959375,
    "precision": 0.9614460784313724,
    "recall": 0.959375,
    "f1_score": 0.9580597219681728,
    "roc_auc": 0.9951260860351769,
    "confusion_matrix": [
        [
            242,
            0
        ],
        [
            13,
            65
        ]
    ],
    "class_names": [
        "Class_0",
        "Class_1"
    ],
    "per_class_metrics": {
        "Class_0": {
            "precision": 0.9490196078431372,
            "recall": 1.0,
            "f1": 0.9738430583501007,
            "support": 242
        },
        "Class_1": {
            "precision": 1.0,
            "recall": 0.8333333333333334,
            "f1": 0.9090909090909091,
            "support": 78
        }
    }
}