{
    "accuracy": 0.953125,
    "precision": 0.9526873856136653,
    "recall": 0.953125,
    "f1_score": 0.9525885710803234,
    "roc_auc": 0.9859080313625768,
    "confusion_matrix": [
        [
            237,
            5
        ],
        [
            10,
            68
        ]
    ],
    "class_names": [
        "Class_0",
        "Class_1"
    ],
    "per_class_metrics": {
        "Class_0": {
            "precision": 0.9595141700404858,
            "recall": 0.9793388429752066,
            "f1": 0.9693251533742331,
            "support": 242
        },
        "Class_1": {
            "precision": 0.9315068493150684,
            "recall": 0.8717948717948718,
            "f1": 0.9006622516556292,
            "support": 78
        }
    }
}