{
    "accuracy": 0.96875,
    "precision": 0.968574741156169,
    "recall": 0.96875,
    "f1_score": 0.9686113783336004,
    "roc_auc": 0.9771137952956135,
    "confusion_matrix": [
        [
            238,
            4
        ],
        [
            6,
            72
        ]
    ],
    "class_names": [
        "Class_0",
        "Class_1"
    ],
    "per_class_metrics": {
        "Class_0": {
            "precision": 0.9754098360655737,
            "recall": 0.9834710743801653,
            "f1": 0.9794238683127572,
            "support": 242
        },
        "Class_1": {
            "precision": 0.9473684210526315,
            "recall": 0.9230769230769231,
            "f1": 0.935064935064935,
            "support": 78
        }
    }
}