{
    "accuracy": 0.978125,
    "precision": 0.9787399598393574,
    "recall": 0.978125,
    "f1_score": 0.9777670894900149,
    "roc_auc": 0.9985166348802713,
    "confusion_matrix": [
        [
            242,
            0
        ],
        [
            7,
            71
        ]
    ],
    "class_names": [
        "Class_0",
        "Class_1"
    ],
    "per_class_metrics": {
        "Class_0": {
            "precision": 0.9718875502008032,
            "recall": 1.0,
            "f1": 0.9857433808553971,
            "support": 242
        },
        "Class_1": {
            "precision": 1.0,
            "recall": 0.9102564102564102,
            "f1": 0.9530201342281879,
            "support": 78
        }
    }
}