{
    "accuracy": 0.9625,
    "precision": 0.9622681190681621,
    "recall": 0.9625,
    "f1_score": 0.9623336540003207,
    "roc_auc": 0.9934308116126298,
    "confusion_matrix": [
        [
            237,
            5
        ],
        [
            7,
            71
        ]
    ],
    "class_names": [
        "Class_0",
        "Class_1"
    ],
    "per_class_metrics": {
        "Class_0": {
            "precision": 0.9713114754098361,
            "recall": 0.9793388429752066,
            "f1": 0.9753086419753086,
            "support": 242
        },
        "Class_1": {
            "precision": 0.9342105263157894,
            "recall": 0.9102564102564102,
            "f1": 0.922077922077922,
            "support": 78
        }
    }
}