{
    "accuracy": 0.971875,
    "precision": 0.9717769627491849,
    "recall": 0.971875,
    "f1_score": 0.9718132690389091,
    "roc_auc": 0.995311506675143,
    "confusion_matrix": [
        [
            238,
            4
        ],
        [
            5,
            73
        ]
    ],
    "class_names": [
        "Class_0",
        "Class_1"
    ],
    "per_class_metrics": {
        "Class_0": {
            "precision": 0.9794238683127572,
            "recall": 0.9834710743801653,
            "f1": 0.9814432989690721,
            "support": 242
        },
        "Class_1": {
            "precision": 0.9480519480519479,
            "recall": 0.9358974358974359,
            "f1": 0.9419354838709677,
            "support": 78
        }
    }
}